{
  "happy": [
    {
      "title": "Happy",
      "artist": "Pharrell Williams",
      "duration": "3:53",
      "genre": "Pop",
      "energy": 0.9,
      "valence": 0.95,
      "danceability": 0.85
    },
    {
      "title": "Good as Hell",
      "artist": "Lizzo",
      "duration": "3:38",
      "genre": "Pop",
      "energy": 0.85,
      "valence": 0.9,
      "danceability": 0.8
    },
    {
      "title": "Can't Stop the Feeling!",
      "artist": "Justin Timberlake",
      "duration": "3:56",
      "genre": "Pop",
      "energy": 0.88,
      "valence": 0.92,
      "danceability": 0.82
    },
    {
      "title": "Walking on Sunshine",
      "artist": "Katrina and the Waves",
      "duration": "3:58",
      "genre": "Rock",
      "energy": 0.92,
      "valence": 0.88,
      "danceability": 0.75
    },
    {
      "title": "I Got You (I Feel Good)",
      "artist": "James Brown",
      "duration": "2:46",
      "genre": "Soul",
      "energy": 0.9,
      "valence": 0.93,
      "danceability": 0.85
    }
  ],
  "sad": [
    {
      "title": "Someone Like You",
      "artist": "Adele",
      "duration": "4:45",
      "genre": "Pop",
      "energy": 0.3,
      "valence": 0.2,
      "danceability": 0.3
    },
    {
      "title": "Mad World",
      "artist": "Gary Jules",
      "duration": "3:07",
      "genre": "Alternative",
      "energy": 0.2,
      "valence": 0.15,
      "danceability": 0.2
    },
    {
      "title": "Hurt",
      "artist": "Johnny Cash",
      "duration": "3:38",
      "genre": "Country",
      "energy": 0.25,
      "valence": 0.18,
      "danceability": 0.25
    },
    {
      "title": "Black",
      "artist": "Pearl Jam",
      "duration": "5:43",
      "genre": "Grunge",
      "energy": 0.4,
      "valence": 0.25,
      "danceability": 0.3
    },
    {
      "title": "Tears in Heaven",
      "artist": "Eric Clapton",
      "duration": "4:32",
      "genre": "Rock",
      "energy": 0.35,
      "valence": 0.22,
      "danceability": 0.28
    }
  ],
  "angry": [
    {
      "title": "Break Stuff",
      "artist": "Limp Bizkit",
      "duration": "2:47",
      "genre": "Nu Metal",
      "energy": 0.95,
      "valence": 0.3,
      "danceability": 0.7
    },
    {
      "title": "Bodies",
      "artist": "Drowning Pool",
      "duration": "3:23",
      "genre": "Metal",
      "energy": 0.98,
      "valence": 0.25,
      "danceability": 0.65
    },
    {
      "title": "Killing in the Name",
      "artist": "Rage Against the Machine",
      "duration": "5:14",
      "genre": "Rap Metal",
      "energy": 0.96,
      "valence": 0.28,
      "danceability": 0.68
    },
    {
      "title": "Chop Suey!",
      "artist": "System of a Down",
      "duration": "3:30",
      "genre": "Metal",
      "energy": 0.94,
      "valence": 0.32,
      "danceability": 0.6
    },
    {
      "title": "B.Y.O.B.",
      "artist": "System of a Down",
      "duration": "4:15",
      "genre": "Metal",
      "energy": 0.93,
      "valence": 0.35,
      "danceability": 0.62
    }
  ],
  "surprise": [
    {
      "title": "Uptown Funk",
      "artist": "Mark Ronson ft. Bruno Mars",
      "duration": "4:30",
      "genre": "Funk",
      "energy": 0.87,
      "valence": 0.85,
      "danceability": 0.9
    },
    {
      "title": "I Gotta Feeling",
      "artist": "The Black Eyed Peas",
      "duration": "4:05",
      "genre": "Pop",
      "energy": 0.89,
      "valence": 0.88,
      "danceability": 0.85
    },
    {
      "title": "Dynamite",
      "artist": "BTS",
      "duration": "3:19",
      "genre": "Pop",
      "energy": 0.8,
      "valence": 0.9,
      "danceability": 0.82
    },
    {
      "title": "Levitating",
      "artist": "Dua Lipa",
      "duration": "3:23",
      "genre": "Pop",
      "energy": 0.85,
      "valence": 0.87,
      "danceability": 0.88
    }
  ],
  "neutral": [
    {
      "title": "Weightless",
      "artist": "Marconi Union",
      "duration": "8:10",
      "genre": "Ambient",
      "energy": 0.1,
      "valence": 0.5,
      "danceability": 0.1
    },
    {
      "title": "Clair de Lune",
      "artist": "Claude Debussy",
      "duration": "5:02",
      "genre": "Classical",
      "energy": 0.15,
      "valence": 0.55,
      "danceability": 0.15
    },
    {
      "title": "Spiegel im Spiegel",
      "artist": "Arvo Pärt",
      "duration": "6:00",
      "genre": "Classical",
      "energy": 0.12,
      "valence": 0.52,
      "danceability": 0.12
    },
    {
      "title": "Gymnopédie No. 1",
      "artist": "Erik Satie",
      "duration": "4:30",
      "genre": "Classical",
      "energy": 0.18,
      "valence": 0.48,
      "danceability": 0.18
    }
  ],
  "fear": [
    {
      "title": "Breathe Me",
      "artist": "Sia",
      "duration": "4:31",
      "genre": "Pop",
      "energy": 0.4,
      "valence": 0.3,
      "danceability": 0.35
    },
    {
      "title": "Heavy",
      "artist": "Linkin Park ft. Kiiara",
      "duration": "2:49",
      "genre": "Alternative",
      "energy": 0.5,
      "valence": 0.25,
      "danceability": 0.4
    },
    {
      "title": "Anxiety",
      "artist": "Julia Michaels ft. Selena Gomez",
      "duration": "3:31",
      "genre": "Pop",
      "energy": 0.45,
      "valence": 0.28,
      "danceability": 0.38
    }
  ],
  "disgust": [
    {
      "title": "Toxic",
      "artist": "Britney Spears",
      "duration": "3:19",
      "genre": "Pop",
      "energy": 0.7,
      "valence": 0.6,
      "danceability": 0.75
    },
    {
      "title": "Bad Guy",
      "artist": "Billie Eilish",
      "duration": "3:14",
      "genre": "Pop",
      "energy": 0.6,
      "valence": 0.4,
      "danceability": 0.65
    },
    {
      "title": "Disturbia",
      "artist": "Rihanna",
      "duration": "3:58",
      "genre": "Pop",
      "energy": 0.75,
      "valence": 0.45,
      "danceability": 0.7
    }
  ]
}